semana,fuente,P_q025,P_q050,P_q500,P_q950,P_q975
1,modelo,0.0,0.0,0.12614173276920937,56.725386829435394,83.21306940582436
2,modelo,0.0,0.0,0.7613515670823485,57.042679381978395,86.30829192845454
3,modelo,0.0,0.0,0.2563298223775661,56.53765763727361,85.80327018374976
4,modelo,0.0,0.0,1.2513889680292003,57.0579078564827,82.52645711779682
5,modelo,0.0,0.0,3.013890742361273,58.82040963081477,84.2889588921289
6,modelo,0.0,0.0,4.226555655676371,60.033074544129875,85.501623805444
7,modelo,0.0,0.0,2.6794130032639325,64.45979767273886,94.34445869338664
8,modelo,0.0,0.0,2.331816580800676,64.1122012502756,93.99686227092339
9,climatología,0.0,0.0,0.04,7.887999999999997,8.048
10,climatología,0.0,0.0,0.15000000000000002,5.292,9.810999999999993
11,climatología,0.0,0.0,0.2,8.923999999999989,10.452999999999998
12,climatología,0.0,0.0,0.21,5.385999999999993,5.969
13,climatología,0.0,0.0,0.09,12.57999999999998,18.008999999999993
14,climatología,0.0010000000000000009,0.012000000000000002,0.5,9.113999999999992,12.241999999999997
15,climatología,0.0,0.0040000000000000036,1.52,20.325999999999993,25.010999999999992
16,climatología,0.03,0.032,4.22,39.955999999999996,51.948999999999984
17,climatología,0.11800000000000005,0.5720000000000001,9.9,53.81799999999999,56.378
18,climatología,0.242,0.264,12.22,70.96199999999999,80.68799999999999
19,climatología,0.339,0.6360000000000001,12.170000000000002,58.35799999999999,68.16299999999998
20,climatología,0.197,0.35200000000000004,18.38,78.49199999999995,109.27499999999996
21,climatología,0.8580000000000001,1.604,18.91,123.59799999999998,133.32899999999998
22,climatología,0.5920000000000001,2.358,21.73,81.32199999999999,100.63299999999997
23,climatología,0.37500000000000006,0.9600000000000002,18.03,73.47199999999998,97.34599999999996
24,climatología,0.793,1.1300000000000001,21.87,81.04199999999994,112.91699999999996
25,climatología,0.494,0.6000000000000001,22.59,69.532,70.079
26,climatología,0.272,0.4640000000000001,18.42,72.87999999999994,90.74999999999997
27,climatología,0.545,0.6280000000000001,13.5,77.25599999999997,100.06399999999998
28,climatología,0.8150000000000001,1.296,10.02,106.43599999999992,130.99399999999997
29,climatología,0.773,1.016,10.78,63.47999999999999,95.52799999999995
30,climatología,0.4890000000000001,1.174,18.35,68.604,78.85
31,climatología,2.004,2.218,13.9,71.35599999999997,76.039
32,climatología,0.611,1.108,18.23,73.002,77.67599999999999
33,climatología,1.986,2.2399999999999998,17.21,89.64999999999998,106.53999999999998
34,climatología,0.9279999999999999,1.1560000000000001,26.41,82.884,84.99000000000001
35,climatología,4.24,5.194,20.560000000000002,77.54599999999995,87.59499999999998
36,climatología,5.362,7.248000000000001,33.15,85.68399999999998,97.63499999999999
37,climatología,3.334,5.634,33.04,95.87799999999996,109.56199999999998
38,climatología,6.776,7.578,29.07,95.14799999999997,100.40299999999999
39,climatología,4.297,5.450000000000001,34.13,90.60799999999996,175.90499999999986
40,climatología,3.902,4.174,29.1,117.192,121.881
41,climatología,2.1630000000000003,5.372000000000001,40.37,127.14599999999993,147.28799999999998
42,climatología,6.855,9.608,33.52,115.66599999999993,131.66599999999997
43,climatología,5.585999999999999,6.936,41.48,90.64799999999995,106.92999999999998
44,climatología,1.682,2.6480000000000006,29.49,106.17799999999998,120.28999999999998
45,climatología,1.121,1.682,19.48,84.75599999999999,116.07699999999994
46,climatología,0.25300000000000006,0.552,16.560000000000002,102.61799999999995,117.84599999999998
47,climatología,0.025000000000000005,0.2820000000000002,12.4,78.14999999999999,84.02799999999999
48,climatología,0.007000000000000007,0.07200000000000001,5.16,67.36199999999998,76.48799999999999
49,climatología,0.0,0.0020000000000000018,1.25,33.6,35.406
50,climatología,0.0,0.0,0.36000000000000004,50.52999999999999,61.27599999999998
51,climatología,0.0,0.0,0.56,13.567999999999989,14.946
52,climatología,0.0,0.0,0.24000000000000002,20.979999999999997,26.761999999999976
