h,modelo,RMSE,MAE,WAPE,MAPE_y>0,R2,RMSE_inf,RMSE_sup,SS,SS_inf,SS_sup,n_test
1,Dummy (media),46.45765707202412,26.303484180249278,0.8844628921215648,43.3032533116574,-0.06257074846311284,31.463222304150193,62.30418967295378,-0.0716492254994332,-0.1167358028725537,-0.038958615307771824,260
1,Climatología,43.35155195056752,21.7293449415628,0.730656027894309,15.93589494891717,0.07476394717028378,28.804151948288972,58.0691145286156,0.0,0.0,0.0,260
1,Ingenuo estacional,55.28980256166315,29.52919230769231,0.9929283379913013,13.717662031425576,-0.5049890025083184,39.95533662782003,70.69884466215208,-0.27538231214209974,-0.7314191945648459,-0.05893515193059976,260
1,SVR lineal,40.28265505047221,22.86399708031283,0.7688090613599028,25.76755786645829,0.20112391018540476,26.56919936562854,54.27266500023682,0.0707909350879683,0.037428417924135454,0.10709704436112756,260
2,Dummy (media),46.54412609719246,26.383381535698078,0.8851855166116729,43.49557217892061,-0.06301792133788453,31.643305867238173,61.94163704191186,-0.07172956482190762,-0.12093958597507379,-0.03985699929554784,259
2,Climatología,43.42898397594064,21.76812035515759,0.7303394690393848,15.998021705657187,0.07451333914347902,28.881134275915993,57.82887273459934,0.0,0.0,0.0,259
2,Ingenuo estacional,55.39085992232259,29.594362934362934,0.992916749788202,13.76978359712814,-0.5055217714341647,39.65487318041227,70.91040052989585,-0.27543531649298436,-0.7251476708065061,-0.0584025119538401,259
2,SVR lineal,40.56930402072929,23.206448795356696,0.778596645689475,28.417371059054943,0.19238209275781537,27.101989950878473,54.155107032197165,0.06584726819295594,0.02574932228700856,0.10808695683958468,259
4,Dummy (media),46.70643467235061,26.49310196868853,0.883370357832257,43.84800998665551,-0.06456176061538654,32.23011885250923,62.39936297702953,-0.07141003250413491,-0.11897486719906922,-0.03764178643571079,257
4,Climatología,43.593426657753795,21.893487424667946,0.7300035248187405,16.120224521679884,0.0726163291094255,29.31344752413995,58.2632601848068,0.0,0.0,0.0,257
4,Ingenuo estacional,55.60228020686143,29.784357976653695,0.9931120559131359,13.879229860622706,-0.5086991048780714,39.54791946922525,71.37647509791418,-0.27547395260729446,-0.7296405686446618,-0.06965266470362708,257
4,SVR lineal,41.32307445251419,23.523401035606252,0.78435040241095,26.79861461907007,0.16669750901908187,28.089555080894886,55.299147230595324,0.05208015013510725,0.004033624830040194,0.0953203794446737,257
8,Dummy (media),47.03556498618256,26.734012703736024,0.8860346797409918,44.65190745843581,-0.06536738604072223,32.04617239298495,63.20241375422174,-0.07271689120805847,-0.11544256733031694,-0.039251652686256154,253
8,Climatología,43.84713746160243,21.955284023253963,0.7276551883080313,16.365329832815718,0.0741744553437188,30.136504589857612,59.52474379610981,0.0,0.0,0.0,253
8,Ingenuo estacional,55.96653252123623,29.964545454545455,0.9931029333165655,14.09586495356178,-0.5083546566337205,41.16766131704658,72.65687022884947,-0.2764010551486271,-0.6858401988768061,-0.07299501317814563,253
8,SVR lineal,41.48010258373059,23.590444669961848,0.7818486629646969,29.57977087061474,0.1714355208660967,28.85020119499939,56.49569729714897,0.05398379495000527,0.016761472287058276,0.09119064679462788,253
13,Dummy (media),47.44439952234838,26.959722330232992,0.8774880127013462,44.87626173095652,-0.07037870386568956,31.83585049681219,63.714542468844186,-0.07132861413299851,-0.11614524069149793,-0.03618574317796964,248
13,Climatología,44.28557110905138,22.34595502041427,0.7273186059779247,16.630849521788587,0.06740721643817493,29.656019549030866,59.493112467006696,0.0,0.0,0.0,248
13,Ingenuo estacional,56.52530218848901,30.51213709677419,0.9931123999112799,14.377161328648109,-0.5193342797878937,41.63807718390489,72.33077793030932,-0.2763819179230589,-0.6634067549582766,-0.08797747664970638,248
13,SVR lineal,41.56180123103647,23.703124777821003,0.7714919167686561,32.92058613420643,0.178597021905177,28.34395975697231,55.3849028276054,0.0615046799624136,0.02112906895694824,0.11249477951082239,248
26,Dummy (media),48.589230026567535,27.48198086035492,0.851512896393864,39.1005800343145,-0.087869125212928,36.08150844584508,63.55947515673672,-0.07381137990432207,-0.11672126626342798,-0.045052715142530744,235
26,Climatología,45.24931560224003,22.522918135018745,0.6978592756411669,7.2395583876729255,0.05654618076994078,32.828762289456684,59.16017838383468,0.0,0.0,0.0,235
26,Ingenuo estacional,58.00184933588737,31.731021276595747,0.9831668965226266,11.666865717315112,-0.5501734660305033,45.391229519499156,73.27507085067019,-0.2818282125136946,-0.5704178117741727,-0.11683344376357449,235
26,SVR lineal,43.40348873050812,24.229493354827156,0.7507364978369431,19.616676189533404,0.13194769359266378,31.64224895574457,56.69318337809502,0.04079237104838185,0.01837469905434841,0.07043621173433112,235
52,Dummy (media),51.39756001445017,29.543584778340758,0.847690185484047,38.360538079950004,-0.11687364862097716,42.05556038008519,64.66344921704196,-0.08116001250388072,-0.1226378864811501,-0.048717131898181464,209
52,Climatología,47.53927209665987,23.165409925695972,0.6646820548034412,4.845936636228315,0.04451451247571225,38.11522900077568,59.8705490516626,0.0,0.0,0.0,209
52,Ingenuo estacional,61.076083965295986,33.922105263157896,0.9733224968561401,12.934244278969793,-0.5771078981898752,50.03355512771058,74.05251851576357,-0.28475008706721905,-0.5770117147114472,-0.10327571295199356,209
52,SVR lineal,46.05289005330345,24.20154186395602,0.6944116519907644,10.882209081393958,0.1033296301399661,37.352161174109874,58.596577460882095,0.03126640307689643,-0.0031086459745193673,0.0591607590929765,209
